{"cameraMode":{"drawMode":0,"name":"Shaded","section":"Shading Mode"},"sceneLighting":true,"audioPlay":false,"sceneViewState":{"m_AlwaysRefresh":false,"showFog":true,"showSkybox":true,"showFlares":true,"showImageEffects":true,"showParticleSystems":true,"showVisualEffectGraphs":true,"m_FxEnabled":true},"in2DMode":false,"pivot":{"x":-2.4619994163513185,"y":0.9424469470977783,"z":-24.026439666748048},"rotation":{"x":0.06423913687467575,"y":-0.7150201201438904,"z":0.0662316232919693,"w":0.6930440664291382},"size":1.0072970390319825,"orthographic":false}