{"cameraMode":{"drawMode":0,"name":"Shaded","section":"Shading Mode"},"sceneLighting":true,"audioPlay":false,"sceneViewState":{"m_AlwaysRefresh":false,"showFog":true,"showSkybox":true,"showFlares":true,"showImageEffects":true,"showParticleSystems":true,"showVisualEffectGraphs":true,"m_FxEnabled":true},"in2DMode":false,"pivot":{"x":3.8953447341918947,"y":5.296106338500977,"z":-27.262996673583986},"rotation":{"x":0.0028341636061668398,"y":0.9947063326835632,"z":-0.10119643807411194,"w":0.023207569494843484},"size":4.466025352478027,"orthographic":false}