{"cameraMode":{"drawMode":0,"name":"Shaded","section":"Shading Mode"},"sceneLighting":true,"audioPlay":false,"sceneViewState":{"m_AlwaysRefresh":false,"showFog":true,"showSkybox":true,"showFlares":true,"showImageEffects":true,"showParticleSystems":true,"showVisualEffectGraphs":true,"m_FxEnabled":true},"in2DMode":false,"pivot":{"x":1.4057948589324952,"y":6.1479082107543949,"z":-78.17854309082031},"rotation":{"x":0.12850108742713929,"y":0.17104050517082215,"z":-0.022437315434217454,"w":0.9766622185707092},"size":2.8067102432250978,"orthographic":false}