{"cameraMode":{"drawMode":0,"name":"Shaded","section":"Shading Mode"},"sceneLighting":true,"audioPlay":false,"sceneViewState":{"m_AlwaysRefresh":false,"showFog":true,"showSkybox":true,"showFlares":true,"showImageEffects":true,"showParticleSystems":true,"showVisualEffectGraphs":true,"m_FxEnabled":true},"in2DMode":false,"pivot":{"x":9.800459861755371,"y":3.565396547317505,"z":-16.851228713989259},"rotation":{"x":-0.00015082632307894528,"y":0.9959853291511536,"z":-0.006912716664373875,"w":-0.09051336348056793},"size":23.20339584350586,"orthographic":false}