{"cameraMode":{"drawMode":0,"name":"Shaded","section":"Shading Mode"},"sceneLighting":true,"audioPlay":false,"sceneViewState":{"m_AlwaysRefresh":false,"showFog":true,"showSkybox":true,"showFlares":true,"showImageEffects":true,"showParticleSystems":true,"showVisualEffectGraphs":true,"m_FxEnabled":true},"in2DMode":false,"pivot":{"x":4.1904754638671879,"y":-0.5100891590118408,"z":13.056120872497559},"rotation":{"x":-0.24904121458530427,"y":-0.030909735709428788,"z":0.007879339158535004,"w":-0.9680027365684509},"size":13.875288009643555,"orthographic":true}