{"cameraMode":{"drawMode":0,"name":"Shaded","section":"Shading Mode"},"sceneLighting":true,"audioPlay":false,"sceneViewState":{"m_AlwaysRefresh":false,"showFog":true,"showSkybox":true,"showFlares":true,"showImageEffects":true,"showParticleSystems":true,"showVisualEffectGraphs":true,"m_FxEnabled":true},"in2DMode":false,"pivot":{"x":4.623909950256348,"y":5.320268630981445,"z":-27.20493507385254},"rotation":{"x":0.002724000485613942,"y":-0.9950608015060425,"z":0.02836586907505989,"w":0.09521599113941193},"size":6.540767669677734,"orthographic":false}