{"cameraMode":{"drawMode":0,"name":"Shaded","section":"Shading Mode"},"sceneLighting":true,"audioPlay":false,"sceneViewState":{"m_AlwaysRefresh":false,"showFog":true,"showSkybox":true,"showFlares":true,"showImageEffects":true,"showParticleSystems":true,"showVisualEffectGraphs":true,"m_FxEnabled":true},"in2DMode":false,"pivot":{"x":-21.870216369628908,"y":61.879547119140628,"z":-153.2965087890625},"rotation":{"x":-0.17264693975448609,"y":0.05719064921140671,"z":-0.010039283894002438,"w":-0.9832899570465088},"size":289.12200927734377,"orthographic":true}