{"cameraMode":{"drawMode":0,"name":"Shaded","section":"Shading Mode"},"sceneLighting":true,"audioPlay":false,"sceneViewState":{"m_AlwaysRefresh":false,"showFog":true,"showSkybox":true,"showFlares":true,"showImageEffects":true,"showParticleSystems":true,"showVisualEffectGraphs":true,"m_FxEnabled":true},"in2DMode":false,"pivot":{"x":6.649950981140137,"y":4.265980243682861,"z":-27.330793380737306},"rotation":{"x":0.001201012870296836,"y":-0.9974780082702637,"z":0.06893494725227356,"w":0.01735575497150421},"size":6.540767669677734,"orthographic":false}