{"cameraMode":{"drawMode":0,"name":"Shaded","section":"Shading Mode"},"sceneLighting":true,"audioPlay":false,"sceneViewState":{"m_AlwaysRefresh":false,"showFog":true,"showSkybox":true,"showFlares":true,"showImageEffects":true,"showParticleSystems":true,"showVisualEffectGraphs":true,"m_FxEnabled":true},"in2DMode":false,"pivot":{"x":-10.05013656616211,"y":63.625762939453128,"z":-159.20455932617188},"rotation":{"x":-0.1268971711397171,"y":-0.03312620520591736,"z":0.004250365309417248,"w":-0.9913754463195801},"size":147.0657958984375,"orthographic":true}