{"cameraMode":{"drawMode":0,"name":"Shaded","section":"Shading Mode"},"sceneLighting":true,"audioPlay":false,"sceneViewState":{"m_AlwaysRefresh":false,"showFog":true,"showSkybox":true,"showFlares":true,"showImageEffects":true,"showParticleSystems":true,"showVisualEffectGraphs":true,"m_FxEnabled":true},"in2DMode":false,"pivot":{"x":1.3255705833435059,"y":4.499477863311768,"z":-26.014488220214845},"rotation":{"x":0.013696652837097645,"y":-0.9718361496925354,"z":0.05837918445467949,"w":0.22795657813549043},"size":6.540767669677734,"orthographic":false}