{"cameraMode":{"drawMode":0,"name":"Shaded","section":"Shading Mode"},"sceneLighting":true,"audioPlay":false,"sceneViewState":{"m_AlwaysRefresh":false,"showFog":true,"showSkybox":true,"showFlares":true,"showImageEffects":true,"showParticleSystems":true,"showVisualEffectGraphs":true,"m_FxEnabled":true},"in2DMode":false,"pivot":{"x":4.664722919464111,"y":2.1608693599700929,"z":13.623744010925293},"rotation":{"x":-0.02517426386475563,"y":0.09990128874778748,"z":-0.0026042209938168527,"w":-0.9947250485420227},"size":6.332033157348633,"orthographic":true}