{"cameraMode":{"drawMode":0,"name":"Shaded","section":"Shading Mode"},"sceneLighting":true,"audioPlay":false,"sceneViewState":{"m_AlwaysRefresh":false,"showFog":true,"showSkybox":false,"showFlares":true,"showImageEffects":true,"showParticleSystems":true,"showVisualEffectGraphs":true,"m_FxEnabled":true},"in2DMode":false,"pivot":{"x":3.1591453552246095,"y":6.079999923706055,"z":-20.400001525878908},"rotation":{"x":0.060956086963415149,"y":0.9243337512016296,"z":-0.16676639020442964,"w":0.3378247022628784},"size":20.366907119750978,"orthographic":false}