{"cameraMode":{"drawMode":0,"name":"Shaded","section":"Shading Mode"},"sceneLighting":false,"audioPlay":false,"sceneViewState":{"m_AlwaysRefresh":false,"showFog":true,"showSkybox":false,"showFlares":true,"showImageEffects":true,"showParticleSystems":true,"showVisualEffectGraphs":true,"m_FxEnabled":true},"in2DMode":false,"pivot":{"x":1.147169589996338,"y":0.03672179579734802,"z":-0.38451671600341799},"rotation":{"x":0.003920732997357845,"y":0.9932563900947571,"z":0.03035282902419567,"w":-0.11282971501350403},"size":3.0647170543670656,"orthographic":false}