{"cameraMode":{"drawMode":0,"name":"Shaded","section":"Shading Mode"},"sceneLighting":true,"audioPlay":false,"sceneViewState":{"showFog":true,"showMaterialUpdate":false,"showSkybox":true,"showFlares":true,"showImageEffects":true,"showParticleSystems":true},"in2DMode":false,"pivot":{"x":2.69000244140625,"y":11.091531753540039,"z":12.354248046875},"rotation":{"x":0.0003041356976609677,"y":-0.9942101836204529,"z":0.0027926776092499496,"w":0.10758399963378906},"size":1.195094347000122,"orthographic":true}