{"cameraMode":{"drawMode":0,"name":"Shaded","section":"Shading Mode"},"sceneLighting":true,"audioPlay":false,"sceneViewState":{"showFog":true,"showMaterialUpdate":false,"showSkybox":true,"showFlares":true,"showImageEffects":true,"showParticleSystems":true},"in2DMode":false,"pivot":{"x":2.306217670440674,"y":1.8313848972320557,"z":15.834150314331055},"rotation":{"x":-0.019193502143025399,"y":0.10886170715093613,"z":-0.002100676763802767,"w":-0.9938802719116211},"size":8.054003715515137,"orthographic":true}